-- phpMyAdmin SQL Dump
-- version 4.8.5
-- https://www.phpmyadmin.net/
--
-- Hôte : 127.0.0.1:3306
-- Généré le :  jeu. 10 déc. 2020 à 08:51
-- Version du serveur :  5.7.26
-- Version de PHP :  7.3.5

SET SQL_MODE = "NO_AUTO_VALUE_ON_ZERO";
SET AUTOCOMMIT = 0;
START TRANSACTION;
SET time_zone = "+00:00";


/*!40101 SET @OLD_CHARACTER_SET_CLIENT=@@CHARACTER_SET_CLIENT */;
/*!40101 SET @OLD_CHARACTER_SET_RESULTS=@@CHARACTER_SET_RESULTS */;
/*!40101 SET @OLD_COLLATION_CONNECTION=@@COLLATION_CONNECTION */;
/*!40101 SET NAMES utf8mb4 */;

--
-- Base de données :  `cartel`
--

-- --------------------------------------------------------

--
-- Structure de la table `card_order`
--

DROP TABLE IF EXISTS `card_order`;
CREATE TABLE IF NOT EXISTS `card_order` (
  `id` int(11) NOT NULL AUTO_INCREMENT,
  `price` int(11) DEFAULT NULL,
  `creation` datetime NOT NULL,
  `user` int(11) NOT NULL,
  PRIMARY KEY (`id`),
  KEY `user` (`user`)
) ENGINE=MyISAM AUTO_INCREMENT=95 DEFAULT CHARSET=latin1;

--
-- Déchargement des données de la table `card_order`
--

INSERT INTO `card_order` (`id`, `price`, `creation`, `user`) VALUES
(35, 12, '2020-12-04 08:54:24', 252),
(34, 12, '2020-12-04 08:51:46', 251),
(25, 12, '2020-12-03 09:35:59', 225),
(26, 12, '2020-12-03 11:04:43', 242),
(27, 12, '2020-12-03 11:05:12', 243),
(28, 12, '2020-12-03 11:05:50', 245),
(33, 12, '2020-12-04 07:08:32', 250),
(30, 12, '2020-12-03 17:03:52', 247),
(31, 12, '2020-12-03 17:10:25', 248),
(32, 12, '2020-12-03 18:10:23', 249),
(36, 12, '2020-12-05 09:16:19', 253),
(37, 12, '2020-12-05 09:16:20', 254),
(38, 12, '2020-12-05 09:16:20', 255),
(39, 12, '2020-12-05 09:16:20', 256),
(40, 12, '2020-12-05 09:16:21', 257),
(41, 12, '2020-12-05 09:45:47', 258),
(42, 12, '2020-12-05 09:45:47', 259),
(43, 12, '2020-12-05 09:45:47', 260),
(44, 12, '2020-12-05 09:45:47', 261),
(45, 12, '2020-12-05 09:45:48', 262),
(46, 12, '2020-12-05 09:45:48', 263),
(47, 12, '2020-12-05 09:45:48', 264),
(48, 12, '2020-12-05 09:45:48', 265),
(49, 12, '2020-12-05 09:45:48', 266),
(50, 12, '2020-12-05 09:45:48', 267),
(51, 12, '2020-12-05 09:45:49', 268),
(52, 12, '2020-12-05 09:45:49', 269),
(53, 12, '2020-12-05 09:45:49', 270),
(54, 12, '2020-12-09 08:40:29', 271),
(55, 12, '2020-12-09 08:40:30', 272),
(56, 12, '2020-12-09 08:40:30', 273),
(57, 12, '2020-12-09 08:40:30', 274),
(58, 12, '2020-12-09 08:40:44', 275),
(59, 12, '2020-12-09 08:40:46', 276),
(60, 12, '2020-12-09 08:40:46', 277),
(61, 12, '2020-12-09 08:40:47', 278),
(62, 12, '2020-12-09 08:40:47', 279),
(63, 12, '2020-12-09 08:40:47', 280),
(64, 12, '2020-12-09 09:24:07', 281),
(65, 12, '2020-12-09 09:24:42', 282),
(66, 12, '2020-12-09 09:24:42', 283),
(67, 12, '2020-12-09 09:24:43', 284),
(68, 12, '2020-12-09 09:24:43', 285),
(69, 12, '2020-12-09 09:25:29', 286),
(70, 12, '2020-12-09 09:25:30', 287),
(71, 12, '2020-12-09 09:25:30', 288),
(72, 12, '2020-12-09 09:37:06', 289),
(73, 12, '2020-12-09 09:37:08', 290),
(74, 12, '2020-12-09 09:38:45', 291),
(75, 12, '2020-12-09 09:38:46', 292),
(76, 12, '2020-12-09 09:38:46', 293),
(77, 12, '2020-12-09 09:38:46', 294),
(78, 12, '2020-12-09 09:38:47', 295),
(79, 12, '2020-12-09 09:39:46', 296),
(80, 12, '2020-12-09 09:39:47', 297),
(81, 12, '2020-12-09 09:39:47', 298),
(82, 12, '2020-12-09 09:39:47', 299),
(83, 12, '2020-12-09 09:39:47', 300),
(84, 12, '2020-12-09 09:39:47', 301),
(85, 12, '2020-12-09 09:40:17', 302),
(86, 12, '2020-12-09 09:45:04', 303),
(87, 12, '2020-12-09 09:45:08', 304),
(88, 12, '2020-12-09 09:48:50', 305),
(89, 12, '2020-12-09 09:50:25', 306),
(90, 12, '2020-12-09 09:50:46', 307),
(91, 12, '2020-12-09 09:50:57', 308),
(92, 12, '2020-12-09 09:51:35', 309),
(93, 12, '2020-12-09 09:52:57', 310),
(94, 12, '2020-12-09 10:06:45', 311);

-- --------------------------------------------------------

--
-- Structure de la table `product`
--

DROP TABLE IF EXISTS `product`;
CREATE TABLE IF NOT EXISTS `product` (
  `id` int(11) NOT NULL AUTO_INCREMENT,
  `name` varchar(255) NOT NULL,
  `price` int(11) NOT NULL,
  `picture` varchar(510) NOT NULL,
  `dimension` varchar(510) DEFAULT NULL COMMENT 'Array',
  `Description` text,
  `accessory_type` varchar(255) NOT NULL,
  PRIMARY KEY (`id`)
) ENGINE=MyISAM AUTO_INCREMENT=42 DEFAULT CHARSET=latin1;

--
-- Déchargement des données de la table `product`
--

INSERT INTO `product` (`id`, `name`, `price`, `picture`, `dimension`, `Description`, `accessory_type`) VALUES
(12, 'jznf', 12, 'https://images-wixmp-ed30a86b8c4ca887773594c2.wixmp.com/f/627fe721-846f-4f75-ac61-111ca00b27dd/d9smc72-bd1ea8b5-02a5-434e-b208-31ff267cc51a.png?token=eyJ0eXAiOiJKV1QiLCJhbGciOiJIUzI1NiJ9.eyJzdWIiOiJ1cm46YXBwOiIsImlzcyI6InVybjphcHA6Iiwib2JqIjpbW3sicGF0aCI6IlwvZlwvNjI3ZmU3MjEtODQ2Zi00Zjc1LWFjNjEtMTExY2EwMGIyN2RkXC9kOXNtYzcyLWJkMWVhOGI1LTAyYTUtNDM0ZS1iMjA4LTMxZmYyNjdjYzUxYS5wbmcifV1dLCJhdWQiOlsidXJuOnNlcnZpY2U6ZmlsZS5kb3dubG9hZCJdfQ.UAoU5oSLSmtA65Zqh4IO-XpE16MtWol47_h3epESxtY', 'xl', 'Lorem ipsum', 'sleeve'),
(13, 'barnabé', 4, 'zfdsdfhqsbchbbc', 'xxl', 'Lorem ipsum dolor sit amet, consectetur adipiscing elit. Duis id sagittis lorem. Quisque a lobortis lectus. Nam libero sapien, tempus sit amet dapibus accumsan, faucibus id est', 'sleeve'),
(14, 'sq', 5, 'zfdsdfjsqncjsn', 's', 'Lorem ipsum dolor sit amet, consectetur adipiscing elit. Duis id sagittis lorem. Quisque a lobortis lectus. Nam libero sapien, tempus sit amet dapibus accumsan, faucibus id est', 'sleeve'),
(15, 'ezfzeaaa', 6, 'zfdsdf', 'l', 'Lorem ipsum dolor sit amet, consectetur adipiscing elit. Duis id sagittis lorem. Quisque a lobortis lectus. Nam libero sapien, tempus sit amet dapibus accumsan, faucibus id est', 'sleeve'),
(16, 'ijjkjk', 7, 'barnabé', 'm', 'Lorem ipsum dolor sit amet, consectetur adipiscing elit. Duis id sagittis lorem. Quisque a lobortis lectus. Nam libero sapien, tempus sit amet dapibus accumsan, faucibus id est', 'sleeve'),
(17, 'jkjkk', 12, 'dsf', 'xxs', 'Lorem ipsum dolor sit amet, consectetur adipiscing elit. Duis id sagittis lorem. Quisque a lobortis lectus. Nam libero sapien, tempus sit amet dapibus accumsan, faucibus id est', 'sleeve'),
(18, 'popo', 12, 'sqfqsxcxc', 'm', 'Lorem ipsum dolor sit amet, consectetur adipiscing elit. Duis id sagittis lorem. Quisque a lobortis lectus. Nam libero sapien, tempus sit amet dapibus accumsan, faucibus id est', 'sleeve'),
(19, 'lolpo', 12, 'aaa', 'l', 'Lorem ipsum dolor sit amet, consectetur adipiscing elit. Duis id sagittis lorem. Quisque a lobortis lectus. Nam libero sapien, tempus sit amet dapibus accumsan, faucibus id est', 'sleeve'),
(20, 'ertra', 12, 'kili', 'xxl', 'Lorem ipsum dolor sit amet, consectetur adipiscing elit. Duis id sagittis lorem. Quisque a lobortis lectus. Nam libero sapien, tempus sit amet dapibus accumsan, faucibus id est', 'sleeve'),
(21, 'buik', 12, 'sqss', 'm', 'Lorem ipsum dolor sit amet, consectetur adipiscing elit. Duis id sagittis lorem. Quisque a lobortis lectus. Nam libero sapien, tempus sit amet dapibus accumsan, faucibus id est', 'sleeve'),
(22, 'vrter', 12, 'sqfqsllksqlcds', 'xl', 'Lorem ipsum dolor sit amet, consectetur adipiscing elit. Duis id sagittis lorem. Quisque a lobortis lectus. Nam libero sapien, tempus sit amet dapibus accumsan, faucibus id est', 'sleeve'),
(23, 'juju', 12, 'https://lecoindesbarons.com/wp-content/uploads/2019/09/70803298_3065698620170421_7665317335346970624_n.png', 'm', 'Lorem ipsum dolor sit amet, consectetur adipiscing elit. Duis id sagittis lorem. Quisque a lobortis lectus. Nam libero sapien, tempus sit amet dapibus accumsan, faucibus id est', 'carpet'),
(24, 'qsdqdqs', 12, 'https://ae01.alicdn.com/kf/HTB18vguRFXXXXX3XXXXq6xXFXXXD/YGO-tapis-de-jeu-alternatif-yeux-bleus-Dragon-blanc-jeux-de-soci-t-yu-gi-oh.jpg', 'xl', 'Lorem ipsum dolor sit amet, consectetur adipiscing elit. Duis id sagittis lorem. Quisque a lobortis lectus. Nam libero sapien, tempus sit amet dapibus accumsan, faucibus id est', 'carpet'),
(25, 'jhgfdf', 12, 'https://lecoindesbarons.com/wp-content/uploads/2019/09/70803298_3065698620170421_7665317335346970624_n.png', 'xxs', 'Lorem ipsum dolor sit amet, consectetur adipiscing elit. Duis id sagittis lorem. Quisque a lobortis lectus. Nam libero sapien, tempus sit amet dapibus accumsan, faucibus id est', 'carpet'),
(26, 'freza', 12, 'https://lecoindesbarons.com/wp-content/uploads/2019/09/70803298_3065698620170421_7665317335346970624_n.png', 'xl', 'Lorem ipsum dolor sit amet, consectetur adipiscing elit. Duis id sagittis lorem. Quisque a lobortis lectus. Nam libero sapien, tempus sit amet dapibus accumsan, faucibus id est', 'carpet'),
(27, 'qsdqdqs', 12, 'https://ae01.alicdn.com/kf/HTB18vguRFXXXXX3XXXXq6xXFXXXD/YGO-tapis-de-jeu-alternatif-yeux-bleus-Dragon-blanc-jeux-de-soci-t-yu-gi-oh.jpg', 'xs', 'Lorem ipsum dolor sit amet, consectetur adipiscing elit. Duis id sagittis lorem. Quisque a lobortis lectus. Nam libero sapien, tempus sit amet dapibus accumsan, faucibus id est', 'carpet'),
(28, 'test', 12, 'https://lecoindesbarons.com/wp-content/uploads/2019/09/70803298_3065698620170421_7665317335346970624_n.png', 's', 'Lorem ipsum dolor sit amet, consectetur adipiscing elit. Duis id sagittis lorem. Quisque a lobortis lectus. Nam libero sapien, tempus sit amet dapibus accumsan, faucibus id est', 'carpet'),
(29, 'z$ef', 12, 'https://lecoindesbarons.com/wp-content/uploads/2019/09/70803298_3065698620170421_7665317335346970624_n.png', 'xxl', 'Lorem ipsum dolor sit amet, consectetur adipiscing elit. Duis id sagittis lorem. Quisque a lobortis lectus. Nam libero sapien, tempus sit amet dapibus accumsan, faucibus id est', 'carpet'),
(30, 'zefg', 12, 'https://lecoindesbarons.com/wp-content/uploads/2019/09/70803298_3065698620170421_7665317335346970624_n.png', 'xs', 'Lorem ipsum dolor sit amet, consectetur adipiscing elit. Duis id sagittis lorem. Quisque a lobortis lectus. Nam libero sapien, tempus sit amet dapibus accumsan, faucibus id est', 'carpet'),
(31, 'HENTYR', 12, 'https://lecoindesbarons.com/wp-content/uploads/2019/09/70803298_3065698620170421_7665317335346970624_n.png', 'xxs', 'Lorem ipsum dolor sit amet, consectetur adipiscing elit. Duis id sagittis lorem. Quisque a lobortis lectus. Nam libero sapien, tempus sit amet dapibus accumsan, faucibus id est', 'carpet'),
(32, 'ERGA', 4, 'zfdsdfhqsbchbbc', 'xxl', 'Lorem ipsum dolor sit amet, consectetur adipiscing elit. Duis id sagittis lorem. Quisque a lobortis lectus. Nam libero sapien, tempus sit amet dapibus accumsan, faucibus id est', 'sleeve'),
(33, 'zeg', 4, 'zfdsdfhqsbchbbc', 'xxl', 'Lorem ipsum dolor sit amet, consectetur adipiscing elit. Duis id sagittis lorem. Quisque a lobortis lectus. Nam libero sapien, tempus sit amet dapibus accumsan, faucibus id est', 'sleeve'),
(34, 'ertb', 4, 'zfdsdfhqsbchbbc', 'xxl', 'Lorem ipsum dolor sit amet, consectetur adipiscing elit. Duis id sagittis lorem. Quisque a lobortis lectus. Nam libero sapien, tempus sit amet dapibus accumsan, faucibus id est', 'sleeve'),
(35, 'rfgaerg', 4, 'zfdsdfhqsbchbbc', 'xxl', 'Lorem ipsum dolor sit amet, consectetur adipiscing elit. Duis id sagittis lorem. Quisque a lobortis lectus. Nam libero sapien, tempus sit amet dapibus accumsan, faucibus id est', 'sleeve'),
(36, 'qefrbarg', 4, 'zfdsdfhqsbchbbc', 'xxl', 'Lorem ipsum dolor sit amet, consectetur adipiscing elit. Duis id sagittis lorem. Quisque a lobortis lectus. Nam libero sapien, tempus sit amet dapibus accumsan, faucibus id est', 'sleeve'),
(37, 'aef', 4, 'zfdsdfhqsbchbbc', 'xxl', NULL, 'sleeve'),
(38, 'ETHZ', 4, 'zfdsdfhqsbchbbc', 'xxl', NULL, 'sleeve'),
(39, 'GATH', 4, 'zfdsdfhqsbchbbc', 'xxl', NULL, 'sleeve'),
(40, 'ytnet-y', 4, 'zfdsdfhqsbchbbc', 'xxl', NULL, 'sleeve'),
(41, 'tbzhrth', 4, 'zfdsdfhqsbchbbc', 'xxl', NULL, 'sleeve');

-- --------------------------------------------------------

--
-- Structure de la table `product_cardorder`
--

DROP TABLE IF EXISTS `product_cardorder`;
CREATE TABLE IF NOT EXISTS `product_cardorder` (
  `cardorder` int(11) NOT NULL,
  `product` int(11) NOT NULL,
  PRIMARY KEY (`cardorder`,`product`),
  KEY `FK_ProductOrder` (`product`) USING BTREE,
  KEY `FK_cardOrder` (`cardorder`)
) ENGINE=MyISAM DEFAULT CHARSET=latin1;

--
-- Déchargement des données de la table `product_cardorder`
--

INSERT INTO `product_cardorder` (`cardorder`, `product`) VALUES
(8, 12),
(32, 25),
(32, 26),
(32, 27),
(32, 28),
(35, 29),
(35, 30),
(35, 31),
(36, 32),
(36, 33),
(37, 34),
(37, 35),
(38, 36),
(38, 37),
(39, 38),
(39, 39),
(40, 40),
(40, 41);

-- --------------------------------------------------------

--
-- Structure de la table `user`
--

DROP TABLE IF EXISTS `user`;
CREATE TABLE IF NOT EXISTS `user` (
  `id` int(11) NOT NULL AUTO_INCREMENT,
  `first_name` varchar(255) NOT NULL,
  `last_name` varchar(255) NOT NULL,
  `email` varchar(255) NOT NULL,
  `adress` varchar(255) NOT NULL,
  PRIMARY KEY (`id`)
) ENGINE=MyISAM AUTO_INCREMENT=312 DEFAULT CHARSET=latin1;

--
-- Déchargement des données de la table `user`
--

INSERT INTO `user` (`id`, `first_name`, `last_name`, `email`, `adress`) VALUES
(252, 'firstName', 'lastName', 'email@gmail.com', '214 rue de la cheval'),
(251, 'firstName', 'lastName', 'email@gmail.com', '214 rue de la cheval'),
(250, 'firstName', 'lastName', 'email@gmail.com', '214 rue de la cheval'),
(249, 'firstName', 'lastName', 'email@gmail.com', '214 rue de la cheval'),
(248, 'firstName', 'lastName', 'email@gmail.com', '214 rue de la cheval'),
(247, 'firstName', 'lastName', 'email@gmail.com', '214 rue de la cheval'),
(246, 'firstName', 'lastName', 'email@gmail.com', '214 rue de la cheval'),
(245, 'firstName', 'lastName', 'email@gmail.com', '214 rue de la cheval'),
(244, 'firstName', 'lastName', 'email@gmail.com', '214 rue de la cheval'),
(243, 'firstName', 'lastName', 'email@gmail.com', '214 rue de la cheval'),
(242, 'firstName', 'lastName', 'email@gmail.com', '214 rue de la cheval'),
(241, 'firstName', 'lastName', 'email@gmail.com', '214 rue de la cheval'),
(240, 'firstName', 'lastName', 'email@gmail.com', '214 rue de la cheval'),
(239, 'firstName', 'lastName', 'email@gmail.com', '214 rue de la cheval'),
(238, 'firstName', 'lastName', 'email@gmail.com', '214 rue de la cheval'),
(237, 'firstName', 'lastName', 'email@gmail.com', '214 rue de la cheval'),
(236, 'firstName', 'lastName', 'email@gmail.com', '214 rue de la cheval'),
(235, 'firstName', 'lastName', 'email@gmail.com', '214 rue de la cheval'),
(234, 'firstName', 'lastName', 'email@gmail.com', '214 rue de la cheval'),
(233, 'firstName', 'lastName', 'email@gmail.com', '214 rue de la cheval'),
(232, 'firstName', 'lastName', 'email@gmail.com', '214 rue de la cheval'),
(231, 'firstName', 'lastName', 'email@gmail.com', '214 rue de la cheval'),
(230, 'firstName', 'lastName', 'email@gmail.com', '214 rue de la cheval'),
(229, 'firstName', 'lastName', 'email@gmail.com', '214 rue de la cheval'),
(228, 'firstName', 'lastName', 'email@gmail.com', '214 rue de la cheval'),
(227, 'firstName', 'lastName', 'email@gmail.com', '214 rue de la cheval'),
(226, 'firstName', 'lastName', 'email@gmail.com', '214 rue de la cheval'),
(225, 'firstName', 'lastName', 'email@gmail.com', '214 rue de la cheval'),
(253, 'firstName', 'lastName', 'email@gmail.com', '214 rue de la cheval'),
(254, 'firstName', 'lastName', 'email@gmail.com', '214 rue de la cheval'),
(255, 'firstName', 'lastName', 'email@gmail.com', '214 rue de la cheval'),
(256, 'firstName', 'lastName', 'email@gmail.com', '214 rue de la cheval'),
(257, 'firstName', 'lastName', 'email@gmail.com', '214 rue de la cheval'),
(258, 'firstName', 'lastName', 'email@gmail.com', '214 rue de la cheval'),
(259, 'firstName', 'lastName', 'email@gmail.com', '214 rue de la cheval'),
(260, 'firstName', 'lastName', 'email@gmail.com', '214 rue de la cheval'),
(261, 'firstName', 'lastName', 'email@gmail.com', '214 rue de la cheval'),
(262, 'firstName', 'lastName', 'email@gmail.com', '214 rue de la cheval'),
(263, 'firstName', 'lastName', 'email@gmail.com', '214 rue de la cheval'),
(264, 'firstName', 'lastName', 'email@gmail.com', '214 rue de la cheval'),
(265, 'firstName', 'lastName', 'email@gmail.com', '214 rue de la cheval'),
(266, 'firstName', 'lastName', 'email@gmail.com', '214 rue de la cheval'),
(267, 'firstName', 'lastName', 'email@gmail.com', '214 rue de la cheval'),
(268, 'firstName', 'lastName', 'email@gmail.com', '214 rue de la cheval'),
(269, 'firstName', 'lastName', 'email@gmail.com', '214 rue de la cheval'),
(270, 'firstName', 'lastName', 'email@gmail.com', '214 rue de la cheval'),
(271, 'firstName', 'lastName', 'email@gmail.com', '214 rue de la cheval'),
(272, 'firstName', 'lastName', 'email@gmail.com', '214 rue de la cheval'),
(273, 'firstName', 'lastName', 'email@gmail.com', '214 rue de la cheval'),
(274, 'firstName', 'lastName', 'email@gmail.com', '214 rue de la cheval'),
(275, 'firstName', 'lastName', 'email@gmail.com', '214 rue de la cheval'),
(276, 'firstName', 'lastName', 'email@gmail.com', '214 rue de la cheval'),
(277, 'firstName', 'lastName', 'email@gmail.com', '214 rue de la cheval'),
(278, 'firstName', 'lastName', 'email@gmail.com', '214 rue de la cheval'),
(279, 'firstName', 'lastName', 'email@gmail.com', '214 rue de la cheval'),
(280, 'firstName', 'lastName', 'email@gmail.com', '214 rue de la cheval'),
(281, 'firstName', 'lastName', 'email@gmail.com', '214 rue de la cheval'),
(282, 'Johanna', 'Dézarnaud', 'johanna@gmail.com', '214 rue du chanet'),
(283, 'Johanna', 'Dézarnaud', 'johanna@gmail.com', '214 rue du chanet'),
(284, 'Johanna', 'Dézarnaud', 'johanna@gmail.com', '214 rue du chanet'),
(285, 'Johanna', 'Dézarnaud', 'johanna@gmail.com', '214 rue du chanet'),
(286, 'Johanna', 'Dézarnaud', 'johanna@gmail.com', '214 rue du chanet'),
(287, 'Johanna', 'Dézarnaud', 'johanna@gmail.com', '214 rue du chanet'),
(288, 'Johanna', 'Dézarnaud', 'johanna@gmail.com', '214 rue du chanet'),
(289, 'lkrng', 'lrgq', 'email@gmail.com', '214 rue de la cheval'),
(290, 'lkrng', 'lrgq', 'email@gmail.com', '214 rue de la cheval'),
(291, 'firstName', 'lastName', 'email@gmail.com', '214 rue de la cheval'),
(292, 'firstName', 'lastName', 'email@gmail.com', '214 rue de la cheval'),
(293, 'firstName', 'lastName', 'email@gmail.com', '214 rue de la cheval'),
(294, 'firstName', 'lastName', 'email@gmail.com', '214 rue de la cheval'),
(295, 'firstName', 'lastName', 'email@gmail.com', '214 rue de la cheval'),
(296, 'firstName', 'lastName', 'email@gmail.com', '214 rue de la cheval'),
(297, 'firstName', 'lastName', 'email@gmail.com', '214 rue de la cheval'),
(298, 'firstName', 'lastName', 'email@gmail.com', '214 rue de la cheval'),
(299, 'firstName', 'lastName', 'email@gmail.com', '214 rue de la cheval'),
(300, 'firstName', 'lastName', 'email@gmail.com', '214 rue de la cheval'),
(301, 'firstName', 'lastName', 'email@gmail.com', '214 rue de la cheval'),
(302, 'firstName', 'lastName', 'email@gmail.com', '214 rue de la cheval'),
(303, 'firstName', 'lastName', 'email@gmail.com', '214 rue de la cheval'),
(304, 'firstName', 'lastName', 'email@gmail.com', '214 rue de la cheval'),
(305, 'firstName', 'lastName', 'email@gmail.com', '214 rue de la cheval'),
(306, 'firstName', 'lastName', 'email@gmail.com', '214 rue de la cheval'),
(307, 'ze', 'lastName', 'email@gmail.com', '214 rue de la cheval'),
(308, 'efzEG', 'ZEG', 'email@gmail.com', '214 rue de la cheval'),
(309, 'firstName', 'lastName', 'email@gmail.com', '214 rue de la cheval'),
(310, 'firstName', 'lastName', 'email@gmail.com', '214 rue de la cheval'),
(311, 'firstName', 'lastName', 'email@gmail.com', '214 rue de la cheval');
COMMIT;

/*!40101 SET CHARACTER_SET_CLIENT=@OLD_CHARACTER_SET_CLIENT */;
/*!40101 SET CHARACTER_SET_RESULTS=@OLD_CHARACTER_SET_RESULTS */;
/*!40101 SET COLLATION_CONNECTION=@OLD_COLLATION_CONNECTION */;
